"Source:","C:\Users\zaneb\OneDrive\Documents\Voltage_regulator\Voltage_regulator.kicad_sch"
"Date:","2025-10-31T17:10:52-0500"
"Tool:","Eeschema 9.0.4"
"Generator:","C:\Program Files\KiCad\9.0\bin\scripting\plugins/bom_csv_grouped_by_value.py"
"Component Count:","19"

"Collated Components:"

"Item","Qty","Reference(s)","Value","LibPart","Footprint","Datasheet","DNP","Datasheet","Description","Footprint","Sim.Pins"
"1","3","C3, C4, C5","0.1 uF","Device:C","","~","","~","Unpolarized capacitor","",""
"2","1","D3","LED","Voltage-regulator-symbols:LED","","~","","~","Light emitting diode","","1=K 2=A"
"3","1","F1","100mA","Voltage-regulator-symbols:Fuse","","~","","~","Fuse","",""
"4","1","J1","Barrel_Jack_Switch_ZB","Voltage-regulator-symbols:Barrel_Jack_Switch_MK","Connector_BarrelJack:BarrelJack_CUI_PJ-102AH_Horizontal","~","","~","DC Barrel Jack with an internal switch","Connector_BarrelJack:BarrelJack_CUI_PJ-102AH_Horizontal",""
"5","1","J2","Conn_02x04_Odd_Even","Voltage-regulator-symbols:Conn_02x04_Odd_Even","","~","","~","Generic connector, double row, 02x04, odd/even pin numbering scheme (row 1 odd numbers, row 2 even numbers), script generated (kicad-library-utils/schlib/autogen/connector/)","",""
"6","1","PIC_Nano_ZB1","~","Voltage-regulator-symbols:PIC_Nano","","","","","","",""
"7","1","R1","1 kΩ","Voltage-regulator-symbols:R_US","","~","","~","Resistor, US symbol","",""
"8","1","R2","10K","Device:R_US","Resistor_THT:R_Axial_DIN0309_L9.0mm_D3.2mm_P12.70mm_Horizontal","~","","~","Resistor, US symbol","Resistor_THT:R_Axial_DIN0309_L9.0mm_D3.2mm_P12.70mm_Horizontal",""
"9","1","R3","220","Voltage-regulator-symbols:R_US","","~","","~","Resistor, US symbol","",""
"10","1","SW1","SW_Push","Switch:SW_Push","Button_Switch_THT:SW_PUSH_1P1T_6x3.5mm_H4.3_APEM_MJTP1243","~","","~","Push button switch, generic, two pins","Button_Switch_THT:SW_PUSH_1P1T_6x3.5mm_H4.3_APEM_MJTP1243",""
"11","5","TP1, TP2, TP3, TP4, TP5","TestPoint","Connector:TestPoint","","~","","~","test point","",""
"12","1","U1","L7805-ZB","Voltage-regulator-symbols:L8705-MK","","","","","","",""
"13","1","U2","LM35-D_ZB","Voltage-regulator-symbols:LM35-D","Package_SO:SOIC-8_3.9x4.9mm_P1.27mm","http://www.ti.com/lit/ds/symlink/lm35.pdf","","http://www.ti.com/lit/ds/symlink/lm35.pdf","Precision centigrade temperature sensor, SOIC-8","Package_SO:SOIC-8_3.9x4.9mm_P1.27mm",""
