<?xml version="1.0" encoding="UTF-8"?>
<export version="E">
  <design>
    <source>C:\Users\zaneb\OneDrive\Documents\Voltage_regulator\Voltage_regulator.kicad_sch</source>
    <date>2025-10-31T17:10:52-0500</date>
    <tool>Eeschema 9.0.4</tool>
    <sheet number="1" name="/" tstamps="/">
      <title_block>
        <title>Lm3178BBT_ZB and Barrel Jack PCB</title>
        <company>Team 206:  Zane Brauer</company>
        <rev>2.0</rev>
        <date>2025-09-27</date>
        <source>Voltage_regulator.kicad_sch</source>
        <comment number="1" value=""/>
        <comment number="2" value=""/>
        <comment number="3" value=""/>
        <comment number="4" value=""/>
        <comment number="5" value=""/>
        <comment number="6" value=""/>
        <comment number="7" value=""/>
        <comment number="8" value=""/>
        <comment number="9" value=""/>
      </title_block>
    </sheet>
  </design>
  <components>
    <comp ref="C3">
      <value>0.1 uF</value>
      <datasheet>~</datasheet>
      <description>Unpolarized capacitor</description>
      <fields>
        <field name="Footprint"/>
        <field name="Datasheet">~</field>
        <field name="Description">Unpolarized capacitor</field>
      </fields>
      <libsource lib="Device" part="C" description="Unpolarized capacitor"/>
      <property name="Sheetname" value="Root"/>
      <property name="Sheetfile" value="Voltage_regulator.kicad_sch"/>
      <property name="ki_keywords" value="cap capacitor"/>
      <property name="ki_fp_filters" value="C_*"/>
      <sheetpath names="/" tstamps="/"/>
      <tstamps>36d4f8f8-99f8-4936-9a33-6d46eef3c6f4</tstamps>
    </comp>
    <comp ref="C4">
      <value>0.1 uF</value>
      <datasheet>~</datasheet>
      <description>Unpolarized capacitor</description>
      <fields>
        <field name="Footprint"/>
        <field name="Datasheet">~</field>
        <field name="Description">Unpolarized capacitor</field>
      </fields>
      <libsource lib="Device" part="C" description="Unpolarized capacitor"/>
      <property name="Sheetname" value="Root"/>
      <property name="Sheetfile" value="Voltage_regulator.kicad_sch"/>
      <property name="ki_keywords" value="cap capacitor"/>
      <property name="ki_fp_filters" value="C_*"/>
      <sheetpath names="/" tstamps="/"/>
      <tstamps>36256740-82d9-435e-bff6-5a016ef8c562</tstamps>
    </comp>
    <comp ref="C5">
      <value>0.1 uF</value>
      <datasheet>~</datasheet>
      <description>Unpolarized capacitor</description>
      <fields>
        <field name="Footprint"/>
        <field name="Datasheet">~</field>
        <field name="Description">Unpolarized capacitor</field>
      </fields>
      <libsource lib="Device" part="C" description="Unpolarized capacitor"/>
      <property name="Sheetname" value="Root"/>
      <property name="Sheetfile" value="Voltage_regulator.kicad_sch"/>
      <property name="ki_keywords" value="cap capacitor"/>
      <property name="ki_fp_filters" value="C_*"/>
      <sheetpath names="/" tstamps="/"/>
      <tstamps>3bacf532-5eaf-4436-b439-8545f17c2a96</tstamps>
    </comp>
    <comp ref="D3">
      <value>LED</value>
      <datasheet>~</datasheet>
      <description>Light emitting diode</description>
      <fields>
        <field name="Sim.Pins">1=K 2=A</field>
        <field name="Footprint"/>
        <field name="Datasheet">~</field>
        <field name="Description">Light emitting diode</field>
      </fields>
      <libsource lib="Voltage-regulator-symbols" part="LED" description="Light emitting diode"/>
      <property name="Sim.Pins" value="1=K 2=A"/>
      <property name="Sheetname" value="Root"/>
      <property name="Sheetfile" value="Voltage_regulator.kicad_sch"/>
      <property name="ki_keywords" value="LED diode"/>
      <property name="ki_fp_filters" value="LED* LED_SMD:* LED_THT:*"/>
      <sheetpath names="/" tstamps="/"/>
      <tstamps>b71da99f-4461-4ee3-a787-69f097e32390</tstamps>
    </comp>
    <comp ref="F1">
      <value>100mA</value>
      <datasheet>~</datasheet>
      <description>Fuse</description>
      <fields>
        <field name="Footprint"/>
        <field name="Datasheet">~</field>
        <field name="Description">Fuse</field>
      </fields>
      <libsource lib="Voltage-regulator-symbols" part="Fuse" description="Fuse"/>
      <property name="Sheetname" value="Root"/>
      <property name="Sheetfile" value="Voltage_regulator.kicad_sch"/>
      <property name="ki_keywords" value="fuse"/>
      <property name="ki_fp_filters" value="*Fuse*"/>
      <sheetpath names="/" tstamps="/"/>
      <tstamps>bddee61a-9569-4e97-aed8-febe27ac2168</tstamps>
    </comp>
    <comp ref="J1">
      <value>Barrel_Jack_Switch_ZB</value>
      <footprint>Connector_BarrelJack:BarrelJack_CUI_PJ-102AH_Horizontal</footprint>
      <datasheet>~</datasheet>
      <description>DC Barrel Jack with an internal switch</description>
      <fields>
        <field name="Footprint">Connector_BarrelJack:BarrelJack_CUI_PJ-102AH_Horizontal</field>
        <field name="Datasheet">~</field>
        <field name="Description">DC Barrel Jack with an internal switch</field>
      </fields>
      <libsource lib="Voltage-regulator-symbols" part="Barrel_Jack_Switch_MK" description="DC Barrel Jack with an internal switch"/>
      <property name="Sheetname" value="Root"/>
      <property name="Sheetfile" value="Voltage_regulator.kicad_sch"/>
      <property name="ki_keywords" value="DC power barrel jack connector"/>
      <property name="ki_fp_filters" value="BarrelJack*"/>
      <sheetpath names="/" tstamps="/"/>
      <tstamps>d77f64e3-aebc-41aa-924f-4d7ef2d606c2</tstamps>
    </comp>
    <comp ref="J2">
      <value>Conn_02x04_Odd_Even</value>
      <datasheet>~</datasheet>
      <description>Generic connector, double row, 02x04, odd/even pin numbering scheme (row 1 odd numbers, row 2 even numbers), script generated (kicad-library-utils/schlib/autogen/connector/)</description>
      <fields>
        <field name="Footprint"/>
        <field name="Datasheet">~</field>
        <field name="Description">Generic connector, double row, 02x04, odd/even pin numbering scheme (row 1 odd numbers, row 2 even numbers), script generated (kicad-library-utils/schlib/autogen/connector/)</field>
      </fields>
      <libsource lib="Voltage-regulator-symbols" part="Conn_02x04_Odd_Even" description="Generic connector, double row, 02x04, odd/even pin numbering scheme (row 1 odd numbers, row 2 even numbers), script generated (kicad-library-utils/schlib/autogen/connector/)"/>
      <property name="Sheetname" value="Root"/>
      <property name="Sheetfile" value="Voltage_regulator.kicad_sch"/>
      <property name="ki_keywords" value="connector"/>
      <property name="ki_fp_filters" value="Connector*:*_2x??_*"/>
      <sheetpath names="/" tstamps="/"/>
      <tstamps>d67ca0c7-8f92-43b9-bba5-65fe61effdb8</tstamps>
    </comp>
    <comp ref="PIC_Nano_ZB1">
      <value>~</value>
      <fields>
        <field name="Footprint"/>
        <field name="Datasheet"/>
        <field name="Description"/>
      </fields>
      <libsource lib="Voltage-regulator-symbols" part="PIC_Nano" description=""/>
      <property name="Sheetname" value="Root"/>
      <property name="Sheetfile" value="Voltage_regulator.kicad_sch"/>
      <sheetpath names="/" tstamps="/"/>
      <tstamps>d3347e35-6c08-4297-9dc5-7081f6256b8d</tstamps>
    </comp>
    <comp ref="R1">
      <value>1 kΩ</value>
      <datasheet>~</datasheet>
      <description>Resistor, US symbol</description>
      <fields>
        <field name="Footprint"/>
        <field name="Datasheet">~</field>
        <field name="Description">Resistor, US symbol</field>
      </fields>
      <libsource lib="Voltage-regulator-symbols" part="R_US" description="Resistor, US symbol"/>
      <property name="Sheetname" value="Root"/>
      <property name="Sheetfile" value="Voltage_regulator.kicad_sch"/>
      <property name="ki_keywords" value="R res resistor"/>
      <property name="ki_fp_filters" value="R_*"/>
      <sheetpath names="/" tstamps="/"/>
      <tstamps>d7ae6b39-ff6a-43ab-8d2f-e12ae4a3ad8f</tstamps>
    </comp>
    <comp ref="R2">
      <value>10K</value>
      <footprint>Resistor_THT:R_Axial_DIN0309_L9.0mm_D3.2mm_P12.70mm_Horizontal</footprint>
      <datasheet>~</datasheet>
      <description>Resistor, US symbol</description>
      <fields>
        <field name="Footprint">Resistor_THT:R_Axial_DIN0309_L9.0mm_D3.2mm_P12.70mm_Horizontal</field>
        <field name="Datasheet">~</field>
        <field name="Description">Resistor, US symbol</field>
      </fields>
      <libsource lib="Device" part="R_US" description="Resistor, US symbol"/>
      <property name="Sheetname" value="Root"/>
      <property name="Sheetfile" value="Voltage_regulator.kicad_sch"/>
      <property name="ki_keywords" value="R res resistor"/>
      <property name="ki_fp_filters" value="R_*"/>
      <sheetpath names="/" tstamps="/"/>
      <tstamps>82ea6f75-ebdc-4c0c-bb6f-c3cafa776c1e</tstamps>
    </comp>
    <comp ref="R3">
      <value>220</value>
      <datasheet>~</datasheet>
      <description>Resistor, US symbol</description>
      <fields>
        <field name="Footprint"/>
        <field name="Datasheet">~</field>
        <field name="Description">Resistor, US symbol</field>
      </fields>
      <libsource lib="Voltage-regulator-symbols" part="R_US" description="Resistor, US symbol"/>
      <property name="Sheetname" value="Root"/>
      <property name="Sheetfile" value="Voltage_regulator.kicad_sch"/>
      <property name="ki_keywords" value="R res resistor"/>
      <property name="ki_fp_filters" value="R_*"/>
      <sheetpath names="/" tstamps="/"/>
      <tstamps>c9fec8e6-a4a4-4563-bc08-9fa37709ac8b</tstamps>
    </comp>
    <comp ref="SW1">
      <value>SW_Push</value>
      <footprint>Button_Switch_THT:SW_PUSH_1P1T_6x3.5mm_H4.3_APEM_MJTP1243</footprint>
      <datasheet>~</datasheet>
      <description>Push button switch, generic, two pins</description>
      <fields>
        <field name="Footprint">Button_Switch_THT:SW_PUSH_1P1T_6x3.5mm_H4.3_APEM_MJTP1243</field>
        <field name="Datasheet">~</field>
        <field name="Description">Push button switch, generic, two pins</field>
      </fields>
      <libsource lib="Switch" part="SW_Push" description="Push button switch, generic, two pins"/>
      <property name="Sheetname" value="Root"/>
      <property name="Sheetfile" value="Voltage_regulator.kicad_sch"/>
      <property name="ki_keywords" value="switch normally-open pushbutton push-button"/>
      <sheetpath names="/" tstamps="/"/>
      <tstamps>c44a00cc-2fb4-474f-b72a-eb27afea418b</tstamps>
    </comp>
    <comp ref="TP1">
      <value>TestPoint</value>
      <datasheet>~</datasheet>
      <description>test point</description>
      <fields>
        <field name="Footprint"/>
        <field name="Datasheet">~</field>
        <field name="Description">test point</field>
      </fields>
      <libsource lib="Connector" part="TestPoint" description="test point"/>
      <property name="Sheetname" value="Root"/>
      <property name="Sheetfile" value="Voltage_regulator.kicad_sch"/>
      <property name="ki_keywords" value="test point tp"/>
      <property name="ki_fp_filters" value="Pin* Test*"/>
      <sheetpath names="/" tstamps="/"/>
      <tstamps>6d063140-56cf-47c3-aa6f-61553effad9f</tstamps>
    </comp>
    <comp ref="TP2">
      <value>TestPoint</value>
      <datasheet>~</datasheet>
      <description>test point</description>
      <fields>
        <field name="Footprint"/>
        <field name="Datasheet">~</field>
        <field name="Description">test point</field>
      </fields>
      <libsource lib="Connector" part="TestPoint" description="test point"/>
      <property name="Sheetname" value="Root"/>
      <property name="Sheetfile" value="Voltage_regulator.kicad_sch"/>
      <property name="ki_keywords" value="test point tp"/>
      <property name="ki_fp_filters" value="Pin* Test*"/>
      <sheetpath names="/" tstamps="/"/>
      <tstamps>cdde77e8-1467-4144-b9fd-8e4312c5b4fc</tstamps>
    </comp>
    <comp ref="TP3">
      <value>TestPoint</value>
      <datasheet>~</datasheet>
      <description>test point</description>
      <fields>
        <field name="Footprint"/>
        <field name="Datasheet">~</field>
        <field name="Description">test point</field>
      </fields>
      <libsource lib="Connector" part="TestPoint" description="test point"/>
      <property name="Sheetname" value="Root"/>
      <property name="Sheetfile" value="Voltage_regulator.kicad_sch"/>
      <property name="ki_keywords" value="test point tp"/>
      <property name="ki_fp_filters" value="Pin* Test*"/>
      <sheetpath names="/" tstamps="/"/>
      <tstamps>ea971491-b804-4989-a063-819025bae418</tstamps>
    </comp>
    <comp ref="TP4">
      <value>TestPoint</value>
      <datasheet>~</datasheet>
      <description>test point</description>
      <fields>
        <field name="Footprint"/>
        <field name="Datasheet">~</field>
        <field name="Description">test point</field>
      </fields>
      <libsource lib="Connector" part="TestPoint" description="test point"/>
      <property name="Sheetname" value="Root"/>
      <property name="Sheetfile" value="Voltage_regulator.kicad_sch"/>
      <property name="ki_keywords" value="test point tp"/>
      <property name="ki_fp_filters" value="Pin* Test*"/>
      <sheetpath names="/" tstamps="/"/>
      <tstamps>42282e60-53b7-440c-a1f2-07047cfb55fd</tstamps>
    </comp>
    <comp ref="TP5">
      <value>TestPoint</value>
      <datasheet>~</datasheet>
      <description>test point</description>
      <fields>
        <field name="Footprint"/>
        <field name="Datasheet">~</field>
        <field name="Description">test point</field>
      </fields>
      <libsource lib="Connector" part="TestPoint" description="test point"/>
      <property name="Sheetname" value="Root"/>
      <property name="Sheetfile" value="Voltage_regulator.kicad_sch"/>
      <property name="ki_keywords" value="test point tp"/>
      <property name="ki_fp_filters" value="Pin* Test*"/>
      <sheetpath names="/" tstamps="/"/>
      <tstamps>206795b1-fa45-426a-a1e7-f52f6c5ac0fa</tstamps>
    </comp>
    <comp ref="U1">
      <value>L7805-ZB</value>
      <fields>
        <field name="Footprint"/>
        <field name="Datasheet"/>
        <field name="Description"/>
      </fields>
      <libsource lib="Voltage-regulator-symbols" part="L8705-MK" description=""/>
      <property name="Sheetname" value="Root"/>
      <property name="Sheetfile" value="Voltage_regulator.kicad_sch"/>
      <sheetpath names="/" tstamps="/"/>
      <tstamps>f52ac49d-bbda-46c1-b693-061dc3bd4f79</tstamps>
    </comp>
    <comp ref="U2">
      <value>LM35-D_ZB</value>
      <footprint>Package_SO:SOIC-8_3.9x4.9mm_P1.27mm</footprint>
      <datasheet>http://www.ti.com/lit/ds/symlink/lm35.pdf</datasheet>
      <description>Precision centigrade temperature sensor, SOIC-8</description>
      <fields>
        <field name="Footprint">Package_SO:SOIC-8_3.9x4.9mm_P1.27mm</field>
        <field name="Datasheet">http://www.ti.com/lit/ds/symlink/lm35.pdf</field>
        <field name="Description">Precision centigrade temperature sensor, SOIC-8</field>
      </fields>
      <libsource lib="Voltage-regulator-symbols" part="LM35-D" description="Precision centigrade temperature sensor, SOIC-8"/>
      <property name="Sheetname" value="Root"/>
      <property name="Sheetfile" value="Voltage_regulator.kicad_sch"/>
      <property name="ki_keywords" value="temperature sensor thermistor"/>
      <property name="ki_fp_filters" value="SOIC*"/>
      <sheetpath names="/" tstamps="/"/>
      <tstamps>1fb2a51a-5202-4ed2-aecd-6f3a669744d0</tstamps>
    </comp>
  </components>
  <libparts>
    <libpart lib="Connector" part="TestPoint">
      <description>test point</description>
      <docs>~</docs>
      <footprints>
        <fp>Pin*</fp>
        <fp>Test*</fp>
      </footprints>
      <fields>
        <field name="Reference">TP</field>
        <field name="Value">TestPoint</field>
        <field name="Footprint"/>
        <field name="Datasheet">~</field>
        <field name="Description">test point</field>
      </fields>
      <pins>
        <pin num="1" name="1" type="passive"/>
      </pins>
    </libpart>
    <libpart lib="Device" part="C">
      <description>Unpolarized capacitor</description>
      <docs>~</docs>
      <footprints>
        <fp>C_*</fp>
      </footprints>
      <fields>
        <field name="Reference">C</field>
        <field name="Value">C</field>
        <field name="Footprint"/>
        <field name="Datasheet">~</field>
        <field name="Description">Unpolarized capacitor</field>
      </fields>
      <pins>
        <pin num="1" name="" type="passive"/>
        <pin num="2" name="" type="passive"/>
      </pins>
    </libpart>
    <libpart lib="Device" part="R_US">
      <description>Resistor, US symbol</description>
      <docs>~</docs>
      <footprints>
        <fp>R_*</fp>
      </footprints>
      <fields>
        <field name="Reference">R</field>
        <field name="Value">R_US</field>
        <field name="Footprint"/>
        <field name="Datasheet">~</field>
        <field name="Description">Resistor, US symbol</field>
      </fields>
      <pins>
        <pin num="1" name="" type="passive"/>
        <pin num="2" name="" type="passive"/>
      </pins>
    </libpart>
    <libpart lib="Switch" part="SW_Push">
      <description>Push button switch, generic, two pins</description>
      <docs>~</docs>
      <fields>
        <field name="Reference">SW</field>
        <field name="Value">SW_Push</field>
        <field name="Footprint"/>
        <field name="Datasheet">~</field>
        <field name="Description">Push button switch, generic, two pins</field>
      </fields>
      <pins>
        <pin num="1" name="1" type="passive"/>
        <pin num="2" name="2" type="passive"/>
      </pins>
    </libpart>
    <libpart lib="Voltage-regulator-symbols" part="Barrel_Jack_Switch_MK">
      <description>DC Barrel Jack with an internal switch</description>
      <docs>~</docs>
      <footprints>
        <fp>BarrelJack*</fp>
      </footprints>
      <fields>
        <field name="Reference">J3</field>
        <field name="Value">Barrel_Jack_Switch_MK</field>
        <field name="Footprint">Connector_BarrelJack:BarrelJack_CUI_PJ-102AH_Horizontal</field>
        <field name="Datasheet">~</field>
        <field name="Description">DC Barrel Jack with an internal switch</field>
      </fields>
      <pins>
        <pin num="1" name="" type="power_out"/>
        <pin num="2" name="" type="power_out"/>
        <pin num="3" name="" type="passive"/>
      </pins>
    </libpart>
    <libpart lib="Voltage-regulator-symbols" part="Conn_02x04_Odd_Even">
      <description>Generic connector, double row, 02x04, odd/even pin numbering scheme (row 1 odd numbers, row 2 even numbers), script generated (kicad-library-utils/schlib/autogen/connector/)</description>
      <docs>~</docs>
      <footprints>
        <fp>Connector*:*_2x??_*</fp>
      </footprints>
      <fields>
        <field name="Reference">J</field>
        <field name="Value">Conn_02x04_Odd_Even</field>
        <field name="Footprint"/>
        <field name="Datasheet">~</field>
        <field name="Description">Generic connector, double row, 02x04, odd/even pin numbering scheme (row 1 odd numbers, row 2 even numbers), script generated (kicad-library-utils/schlib/autogen/connector/)</field>
      </fields>
      <pins>
        <pin num="1" name="Pin_1" type="passive"/>
        <pin num="2" name="Pin_2" type="passive"/>
        <pin num="3" name="Pin_3" type="passive"/>
        <pin num="4" name="Pin_4" type="passive"/>
        <pin num="5" name="Pin_5" type="passive"/>
        <pin num="6" name="Pin_6" type="passive"/>
        <pin num="7" name="Pin_7" type="passive"/>
        <pin num="8" name="Pin_8" type="passive"/>
      </pins>
    </libpart>
    <libpart lib="Voltage-regulator-symbols" part="Fuse">
      <description>Fuse</description>
      <docs>~</docs>
      <footprints>
        <fp>*Fuse*</fp>
      </footprints>
      <fields>
        <field name="Reference">F</field>
        <field name="Value">Fuse</field>
        <field name="Footprint"/>
        <field name="Datasheet">~</field>
        <field name="Description">Fuse</field>
      </fields>
      <pins>
        <pin num="1" name="" type="passive"/>
        <pin num="2" name="" type="passive"/>
      </pins>
    </libpart>
    <libpart lib="Voltage-regulator-symbols" part="L8705-MK">
      <fields>
        <field name="Reference">U</field>
        <field name="Value"/>
        <field name="Footprint"/>
        <field name="Datasheet"/>
        <field name="Description"/>
      </fields>
      <pins>
        <pin num="1" name="Input" type="power_out"/>
        <pin num="2" name="GND" type="power_in"/>
        <pin num="3" name="Output" type="power_out"/>
      </pins>
    </libpart>
    <libpart lib="Voltage-regulator-symbols" part="LED">
      <description>Light emitting diode</description>
      <docs>~</docs>
      <footprints>
        <fp>LED*</fp>
        <fp>LED_SMD:*</fp>
        <fp>LED_THT:*</fp>
      </footprints>
      <fields>
        <field name="Reference">D</field>
        <field name="Value">LED</field>
        <field name="Footprint"/>
        <field name="Datasheet">~</field>
        <field name="Description">Light emitting diode</field>
        <field name="Sim.Pins">1=K 2=A</field>
      </fields>
      <pins>
        <pin num="1" name="K" type="passive"/>
        <pin num="2" name="A" type="passive"/>
      </pins>
    </libpart>
    <libpart lib="Voltage-regulator-symbols" part="LM35-D">
      <description>Precision centigrade temperature sensor, SOIC-8</description>
      <docs>http://www.ti.com/lit/ds/symlink/lm35.pdf</docs>
      <footprints>
        <fp>SOIC*</fp>
      </footprints>
      <fields>
        <field name="Reference">U</field>
        <field name="Value">LM35-D</field>
        <field name="Footprint">Package_SO:SOIC-8_3.9x4.9mm_P1.27mm</field>
        <field name="Datasheet">http://www.ti.com/lit/ds/symlink/lm35.pdf</field>
        <field name="Description">Precision centigrade temperature sensor, SOIC-8</field>
      </fields>
      <pins>
        <pin num="1" name="V_{OUT}" type="output"/>
        <pin num="2" name="NC" type="no_connect"/>
        <pin num="3" name="NC" type="no_connect"/>
        <pin num="4" name="GND" type="power_in"/>
        <pin num="5" name="NC" type="no_connect"/>
        <pin num="6" name="NC" type="no_connect"/>
        <pin num="7" name="NC" type="no_connect"/>
        <pin num="8" name="+V_{S}" type="power_in"/>
      </pins>
    </libpart>
    <libpart lib="Voltage-regulator-symbols" part="PIC_Nano">
      <fields>
        <field name="Reference">PICnanoMK2</field>
        <field name="Value"/>
        <field name="Footprint"/>
        <field name="Datasheet"/>
        <field name="Description"/>
      </fields>
      <pins>
        <pin num="1" name="NC" type="no_connect"/>
        <pin num="2" name="ID" type="free"/>
        <pin num="3" name="CDC_RX" type="bidirectional"/>
        <pin num="4" name="CDC_TX" type="bidirectional"/>
        <pin num="5" name="DBG1" type="bidirectional"/>
        <pin num="6" name="DBG2" type="bidirectional"/>
        <pin num="7" name="RC2" type="bidirectional"/>
        <pin num="8" name="RC3" type="bidirectional"/>
        <pin num="9" name="RB2" type="bidirectional"/>
        <pin num="10" name="RB1" type="bidirectional"/>
        <pin num="11" name="RC4" type="bidirectional"/>
        <pin num="12" name="RC5" type="bidirectional"/>
        <pin num="13" name="RC6" type="bidirectional"/>
        <pin num="14" name="RD4" type="bidirectional"/>
        <pin num="15" name="GND" type="power_in"/>
        <pin num="16" name="RA3" type="bidirectional"/>
        <pin num="17" name="RA4" type="bidirectional"/>
        <pin num="18" name="RE2" type="bidirectional"/>
        <pin num="19" name="RC7" type="bidirectional"/>
        <pin num="20" name="RD0" type="bidirectional"/>
        <pin num="21" name="RD1" type="bidirectional"/>
        <pin num="22" name="RD2" type="bidirectional"/>
        <pin num="23" name="RD3" type="bidirectional"/>
        <pin num="24" name="GND" type="power_in"/>
        <pin num="25" name="RF0" type="bidirectional"/>
        <pin num="26" name="RF1" type="bidirectional"/>
        <pin num="27" name="RF2" type="bidirectional"/>
        <pin num="28" name="RF3" type="bidirectional"/>
        <pin num="29" name="RC0" type="bidirectional"/>
        <pin num="30" name="RC1" type="bidirectional"/>
        <pin num="31" name="RE0" type="bidirectional"/>
        <pin num="32" name="RE1" type="bidirectional"/>
        <pin num="33" name="GND" type="power_in"/>
        <pin num="34" name="RF4" type="bidirectional"/>
        <pin num="35" name="RF5" type="bidirectional"/>
        <pin num="36" name="RF6" type="bidirectional"/>
        <pin num="37" name="RF7" type="bidirectional"/>
        <pin num="38" name="RB5" type="bidirectional"/>
        <pin num="39" name="RD5" type="bidirectional"/>
        <pin num="40" name="RD6" type="bidirectional"/>
        <pin num="41" name="RD7" type="bidirectional"/>
        <pin num="42" name="GND" type="power_in"/>
        <pin num="43" name="RA0" type="bidirectional"/>
        <pin num="44" name="RA1" type="bidirectional"/>
        <pin num="45" name="RA2" type="bidirectional"/>
        <pin num="46" name="RB0" type="bidirectional"/>
        <pin num="47" name="RB3" type="bidirectional"/>
        <pin num="48" name="RA5" type="bidirectional"/>
        <pin num="49" name="RA6" type="bidirectional"/>
        <pin num="50" name="RA7" type="bidirectional"/>
        <pin num="51" name="VTG" type="power_in"/>
        <pin num="52" name="GND" type="power_in"/>
        <pin num="53" name="DBG0" type="bidirectional"/>
        <pin num="54" name="DBG3" type="bidirectional"/>
        <pin num="55" name="VOFF" type="power_out"/>
        <pin num="56" name="VBUS" type="power_in"/>
      </pins>
    </libpart>
    <libpart lib="Voltage-regulator-symbols" part="R_US">
      <description>Resistor, US symbol</description>
      <docs>~</docs>
      <footprints>
        <fp>R_*</fp>
      </footprints>
      <fields>
        <field name="Reference">R</field>
        <field name="Value">R_US</field>
        <field name="Footprint"/>
        <field name="Datasheet">~</field>
        <field name="Description">Resistor, US symbol</field>
      </fields>
      <pins>
        <pin num="1" name="" type="passive"/>
        <pin num="2" name="" type="passive"/>
      </pins>
    </libpart>
  </libparts>
  <libraries>
    <library logical="Connector">
      <uri>C:\Program Files\KiCad\9.0\share\kicad\symbols\/Connector.kicad_sym</uri>
    </library>
    <library logical="Device">
      <uri>C:\Program Files\KiCad\9.0\share\kicad\symbols\/Device.kicad_sym</uri>
    </library>
    <library logical="Switch">
      <uri>C:\Program Files\KiCad\9.0\share\kicad\symbols\/Switch.kicad_sym</uri>
    </library>
    <library logical="Voltage-regulator-symbols">
      <uri>C:\Users\zaneb\OneDrive\Documents\Voltage_regulator/Voltage-regulator-symbols.kicad_sym</uri>
    </library>
  </libraries>
  <nets>
    <net code="1" name="+5V" class="Default">
      <node ref="C3" pin="1" pintype="passive"/>
      <node ref="C3" pin="2" pintype="passive"/>
      <node ref="C4" pin="2" pintype="passive"/>
      <node ref="C5" pin="1" pintype="passive"/>
      <node ref="C5" pin="2" pintype="passive"/>
      <node ref="D3" pin="1" pinfunction="K" pintype="passive"/>
      <node ref="J1" pin="2" pintype="power_out"/>
      <node ref="J2" pin="8" pinfunction="Pin_8" pintype="passive"/>
      <node ref="PIC_Nano_ZB1" pin="15" pinfunction="GND" pintype="power_in"/>
      <node ref="PIC_Nano_ZB1" pin="24" pinfunction="GND" pintype="power_in"/>
      <node ref="PIC_Nano_ZB1" pin="33" pinfunction="GND" pintype="power_in"/>
      <node ref="PIC_Nano_ZB1" pin="42" pinfunction="GND" pintype="power_in"/>
      <node ref="PIC_Nano_ZB1" pin="51" pinfunction="VTG" pintype="power_in"/>
      <node ref="R2" pin="1" pintype="passive"/>
      <node ref="SW1" pin="2" pinfunction="2" pintype="passive"/>
      <node ref="TP2" pin="1" pinfunction="1" pintype="passive"/>
      <node ref="TP4" pin="1" pinfunction="1" pintype="passive"/>
      <node ref="TP5" pin="1" pinfunction="1" pintype="passive"/>
      <node ref="U1" pin="2" pinfunction="GND" pintype="power_in"/>
      <node ref="U1" pin="3" pinfunction="Output" pintype="power_out"/>
      <node ref="U2" pin="4" pinfunction="GND" pintype="power_in"/>
      <node ref="U2" pin="8" pinfunction="+V_{S}" pintype="power_in"/>
    </net>
    <net code="2" name="+9V" class="Default">
      <node ref="C4" pin="1" pintype="passive"/>
      <node ref="F1" pin="2" pintype="passive"/>
      <node ref="U1" pin="1" pinfunction="Input" pintype="power_out"/>
    </net>
    <net code="3" name="Analog Connector Pin (RA1)" class="Default">
      <node ref="J2" pin="7" pinfunction="Pin_7" pintype="passive"/>
      <node ref="PIC_Nano_ZB1" pin="44" pinfunction="RA1" pintype="bidirectional"/>
      <node ref="TP3" pin="1" pinfunction="1" pintype="passive"/>
    </net>
    <net code="4" name="Buttion Bug Pin (RC4)" class="Default">
      <node ref="PIC_Nano_ZB1" pin="11" pinfunction="RC4" pintype="bidirectional"/>
      <node ref="R2" pin="2" pintype="passive"/>
      <node ref="SW1" pin="1" pinfunction="1" pintype="passive"/>
      <node ref="TP1" pin="1" pinfunction="1" pintype="passive"/>
    </net>
    <net code="5" name="LED Bug Pin (RC2)" class="Default">
      <node ref="PIC_Nano_ZB1" pin="7" pinfunction="RC2" pintype="bidirectional"/>
      <node ref="R3" pin="2" pintype="passive"/>
    </net>
    <net code="6" name="Net-(D3-A)" class="Default">
      <node ref="D3" pin="2" pinfunction="A" pintype="passive"/>
      <node ref="R3" pin="1" pintype="passive"/>
    </net>
    <net code="7" name="Net-(F1-Pad1)" class="Default">
      <node ref="F1" pin="1" pintype="passive"/>
      <node ref="J1" pin="1" pintype="power_out"/>
    </net>
    <net code="8" name="Net-(U2-V_{OUT})" class="Default">
      <node ref="R1" pin="1" pintype="passive"/>
      <node ref="U2" pin="1" pinfunction="V_{OUT}" pintype="output"/>
    </net>
    <net code="9" name="Ribbion Pin (RB1)" class="Default">
      <node ref="J2" pin="1" pinfunction="Pin_1" pintype="passive"/>
    </net>
    <net code="10" name="Ribbion Pin (RB2)" class="Default">
      <node ref="J2" pin="2" pinfunction="Pin_2" pintype="passive"/>
    </net>
    <net code="11" name="Temperature Sensor Pin (RA0)" class="Default">
      <node ref="PIC_Nano_ZB1" pin="43" pinfunction="RA0" pintype="bidirectional"/>
      <node ref="R1" pin="2" pintype="passive"/>
    </net>
    <net code="12" name="unconnected-(J1-Pad3)" class="Default">
      <node ref="J1" pin="3" pintype="passive+no_connect"/>
    </net>
    <net code="13" name="unconnected-(J2-Pin_3-Pad3)" class="Default">
      <node ref="J2" pin="3" pinfunction="Pin_3" pintype="passive+no_connect"/>
    </net>
    <net code="14" name="unconnected-(J2-Pin_4-Pad4)" class="Default">
      <node ref="J2" pin="4" pinfunction="Pin_4" pintype="passive+no_connect"/>
    </net>
    <net code="15" name="unconnected-(J2-Pin_5-Pad5)" class="Default">
      <node ref="J2" pin="5" pinfunction="Pin_5" pintype="passive+no_connect"/>
    </net>
    <net code="16" name="unconnected-(J2-Pin_6-Pad6)" class="Default">
      <node ref="J2" pin="6" pinfunction="Pin_6" pintype="passive+no_connect"/>
    </net>
    <net code="17" name="unconnected-(PIC_Nano_ZB1-CDC_RX-Pad3)" class="Default">
      <node ref="PIC_Nano_ZB1" pin="3" pinfunction="CDC_RX" pintype="bidirectional+no_connect"/>
    </net>
    <net code="18" name="unconnected-(PIC_Nano_ZB1-CDC_TX-Pad4)" class="Default">
      <node ref="PIC_Nano_ZB1" pin="4" pinfunction="CDC_TX" pintype="bidirectional+no_connect"/>
    </net>
    <net code="19" name="unconnected-(PIC_Nano_ZB1-DBG0-Pad53)" class="Default">
      <node ref="PIC_Nano_ZB1" pin="53" pinfunction="DBG0" pintype="bidirectional+no_connect"/>
    </net>
    <net code="20" name="unconnected-(PIC_Nano_ZB1-DBG1-Pad5)" class="Default">
      <node ref="PIC_Nano_ZB1" pin="5" pinfunction="DBG1" pintype="bidirectional+no_connect"/>
    </net>
    <net code="21" name="unconnected-(PIC_Nano_ZB1-DBG2-Pad6)" class="Default">
      <node ref="PIC_Nano_ZB1" pin="6" pinfunction="DBG2" pintype="bidirectional+no_connect"/>
    </net>
    <net code="22" name="unconnected-(PIC_Nano_ZB1-DBG3-Pad54)" class="Default">
      <node ref="PIC_Nano_ZB1" pin="54" pinfunction="DBG3" pintype="bidirectional+no_connect"/>
    </net>
    <net code="23" name="unconnected-(PIC_Nano_ZB1-GND-Pad52)" class="Default">
      <node ref="PIC_Nano_ZB1" pin="52" pinfunction="GND" pintype="power_in+no_connect"/>
    </net>
    <net code="24" name="unconnected-(PIC_Nano_ZB1-ID-Pad2)" class="Default">
      <node ref="PIC_Nano_ZB1" pin="2" pinfunction="ID" pintype="free+no_connect"/>
    </net>
    <net code="25" name="unconnected-(PIC_Nano_ZB1-NC-Pad1)" class="Default">
      <node ref="PIC_Nano_ZB1" pin="1" pinfunction="NC" pintype="no_connect"/>
    </net>
    <net code="26" name="unconnected-(PIC_Nano_ZB1-RA2-Pad45)" class="Default">
      <node ref="PIC_Nano_ZB1" pin="45" pinfunction="RA2" pintype="bidirectional+no_connect"/>
    </net>
    <net code="27" name="unconnected-(PIC_Nano_ZB1-RA3-Pad16)" class="Default">
      <node ref="PIC_Nano_ZB1" pin="16" pinfunction="RA3" pintype="bidirectional+no_connect"/>
    </net>
    <net code="28" name="unconnected-(PIC_Nano_ZB1-RA4-Pad17)" class="Default">
      <node ref="PIC_Nano_ZB1" pin="17" pinfunction="RA4" pintype="bidirectional+no_connect"/>
    </net>
    <net code="29" name="unconnected-(PIC_Nano_ZB1-RA5-Pad48)" class="Default">
      <node ref="PIC_Nano_ZB1" pin="48" pinfunction="RA5" pintype="bidirectional+no_connect"/>
    </net>
    <net code="30" name="unconnected-(PIC_Nano_ZB1-RA6-Pad49)" class="Default">
      <node ref="PIC_Nano_ZB1" pin="49" pinfunction="RA6" pintype="bidirectional+no_connect"/>
    </net>
    <net code="31" name="unconnected-(PIC_Nano_ZB1-RA7-Pad50)" class="Default">
      <node ref="PIC_Nano_ZB1" pin="50" pinfunction="RA7" pintype="bidirectional+no_connect"/>
    </net>
    <net code="32" name="unconnected-(PIC_Nano_ZB1-RB0-Pad46)" class="Default">
      <node ref="PIC_Nano_ZB1" pin="46" pinfunction="RB0" pintype="bidirectional+no_connect"/>
    </net>
    <net code="33" name="unconnected-(PIC_Nano_ZB1-RB1-Pad10)" class="Default">
      <node ref="PIC_Nano_ZB1" pin="10" pinfunction="RB1" pintype="bidirectional+no_connect"/>
    </net>
    <net code="34" name="unconnected-(PIC_Nano_ZB1-RB2-Pad9)" class="Default">
      <node ref="PIC_Nano_ZB1" pin="9" pinfunction="RB2" pintype="bidirectional+no_connect"/>
    </net>
    <net code="35" name="unconnected-(PIC_Nano_ZB1-RB3-Pad47)" class="Default">
      <node ref="PIC_Nano_ZB1" pin="47" pinfunction="RB3" pintype="bidirectional+no_connect"/>
    </net>
    <net code="36" name="unconnected-(PIC_Nano_ZB1-RB5-Pad38)" class="Default">
      <node ref="PIC_Nano_ZB1" pin="38" pinfunction="RB5" pintype="bidirectional+no_connect"/>
    </net>
    <net code="37" name="unconnected-(PIC_Nano_ZB1-RC0-Pad29)" class="Default">
      <node ref="PIC_Nano_ZB1" pin="29" pinfunction="RC0" pintype="bidirectional+no_connect"/>
    </net>
    <net code="38" name="unconnected-(PIC_Nano_ZB1-RC1-Pad30)" class="Default">
      <node ref="PIC_Nano_ZB1" pin="30" pinfunction="RC1" pintype="bidirectional+no_connect"/>
    </net>
    <net code="39" name="unconnected-(PIC_Nano_ZB1-RC3-Pad8)" class="Default">
      <node ref="PIC_Nano_ZB1" pin="8" pinfunction="RC3" pintype="bidirectional+no_connect"/>
    </net>
    <net code="40" name="unconnected-(PIC_Nano_ZB1-RC5-Pad12)" class="Default">
      <node ref="PIC_Nano_ZB1" pin="12" pinfunction="RC5" pintype="bidirectional+no_connect"/>
    </net>
    <net code="41" name="unconnected-(PIC_Nano_ZB1-RC6-Pad13)" class="Default">
      <node ref="PIC_Nano_ZB1" pin="13" pinfunction="RC6" pintype="bidirectional+no_connect"/>
    </net>
    <net code="42" name="unconnected-(PIC_Nano_ZB1-RC7-Pad19)" class="Default">
      <node ref="PIC_Nano_ZB1" pin="19" pinfunction="RC7" pintype="bidirectional+no_connect"/>
    </net>
    <net code="43" name="unconnected-(PIC_Nano_ZB1-RD0-Pad20)" class="Default">
      <node ref="PIC_Nano_ZB1" pin="20" pinfunction="RD0" pintype="bidirectional+no_connect"/>
    </net>
    <net code="44" name="unconnected-(PIC_Nano_ZB1-RD1-Pad21)" class="Default">
      <node ref="PIC_Nano_ZB1" pin="21" pinfunction="RD1" pintype="bidirectional+no_connect"/>
    </net>
    <net code="45" name="unconnected-(PIC_Nano_ZB1-RD2-Pad22)" class="Default">
      <node ref="PIC_Nano_ZB1" pin="22" pinfunction="RD2" pintype="bidirectional+no_connect"/>
    </net>
    <net code="46" name="unconnected-(PIC_Nano_ZB1-RD3-Pad23)" class="Default">
      <node ref="PIC_Nano_ZB1" pin="23" pinfunction="RD3" pintype="bidirectional+no_connect"/>
    </net>
    <net code="47" name="unconnected-(PIC_Nano_ZB1-RD4-Pad14)" class="Default">
      <node ref="PIC_Nano_ZB1" pin="14" pinfunction="RD4" pintype="bidirectional+no_connect"/>
    </net>
    <net code="48" name="unconnected-(PIC_Nano_ZB1-RD5-Pad39)" class="Default">
      <node ref="PIC_Nano_ZB1" pin="39" pinfunction="RD5" pintype="bidirectional+no_connect"/>
    </net>
    <net code="49" name="unconnected-(PIC_Nano_ZB1-RD6-Pad40)" class="Default">
      <node ref="PIC_Nano_ZB1" pin="40" pinfunction="RD6" pintype="bidirectional+no_connect"/>
    </net>
    <net code="50" name="unconnected-(PIC_Nano_ZB1-RD7-Pad41)" class="Default">
      <node ref="PIC_Nano_ZB1" pin="41" pinfunction="RD7" pintype="bidirectional+no_connect"/>
    </net>
    <net code="51" name="unconnected-(PIC_Nano_ZB1-RE0-Pad31)" class="Default">
      <node ref="PIC_Nano_ZB1" pin="31" pinfunction="RE0" pintype="bidirectional+no_connect"/>
    </net>
    <net code="52" name="unconnected-(PIC_Nano_ZB1-RE1-Pad32)" class="Default">
      <node ref="PIC_Nano_ZB1" pin="32" pinfunction="RE1" pintype="bidirectional+no_connect"/>
    </net>
    <net code="53" name="unconnected-(PIC_Nano_ZB1-RE2-Pad18)" class="Default">
      <node ref="PIC_Nano_ZB1" pin="18" pinfunction="RE2" pintype="bidirectional+no_connect"/>
    </net>
    <net code="54" name="unconnected-(PIC_Nano_ZB1-RF0-Pad25)" class="Default">
      <node ref="PIC_Nano_ZB1" pin="25" pinfunction="RF0" pintype="bidirectional+no_connect"/>
    </net>
    <net code="55" name="unconnected-(PIC_Nano_ZB1-RF1-Pad26)" class="Default">
      <node ref="PIC_Nano_ZB1" pin="26" pinfunction="RF1" pintype="bidirectional+no_connect"/>
    </net>
    <net code="56" name="unconnected-(PIC_Nano_ZB1-RF2-Pad27)" class="Default">
      <node ref="PIC_Nano_ZB1" pin="27" pinfunction="RF2" pintype="bidirectional+no_connect"/>
    </net>
    <net code="57" name="unconnected-(PIC_Nano_ZB1-RF3-Pad28)" class="Default">
      <node ref="PIC_Nano_ZB1" pin="28" pinfunction="RF3" pintype="bidirectional+no_connect"/>
    </net>
    <net code="58" name="unconnected-(PIC_Nano_ZB1-RF4-Pad34)" class="Default">
      <node ref="PIC_Nano_ZB1" pin="34" pinfunction="RF4" pintype="bidirectional+no_connect"/>
    </net>
    <net code="59" name="unconnected-(PIC_Nano_ZB1-RF5-Pad35)" class="Default">
      <node ref="PIC_Nano_ZB1" pin="35" pinfunction="RF5" pintype="bidirectional+no_connect"/>
    </net>
    <net code="60" name="unconnected-(PIC_Nano_ZB1-RF6-Pad36)" class="Default">
      <node ref="PIC_Nano_ZB1" pin="36" pinfunction="RF6" pintype="bidirectional+no_connect"/>
    </net>
    <net code="61" name="unconnected-(PIC_Nano_ZB1-RF7-Pad37)" class="Default">
      <node ref="PIC_Nano_ZB1" pin="37" pinfunction="RF7" pintype="bidirectional+no_connect"/>
    </net>
    <net code="62" name="unconnected-(PIC_Nano_ZB1-VBUS-Pad56)" class="Default">
      <node ref="PIC_Nano_ZB1" pin="56" pinfunction="VBUS" pintype="power_in+no_connect"/>
    </net>
    <net code="63" name="unconnected-(PIC_Nano_ZB1-VOFF-Pad55)" class="Default">
      <node ref="PIC_Nano_ZB1" pin="55" pinfunction="VOFF" pintype="power_out+no_connect"/>
    </net>
    <net code="64" name="unconnected-(U2-NC-Pad2)" class="Default">
      <node ref="U2" pin="2" pinfunction="NC" pintype="no_connect"/>
    </net>
    <net code="65" name="unconnected-(U2-NC-Pad3)" class="Default">
      <node ref="U2" pin="3" pinfunction="NC" pintype="no_connect"/>
    </net>
    <net code="66" name="unconnected-(U2-NC-Pad5)" class="Default">
      <node ref="U2" pin="5" pinfunction="NC" pintype="no_connect"/>
    </net>
    <net code="67" name="unconnected-(U2-NC-Pad6)" class="Default">
      <node ref="U2" pin="6" pinfunction="NC" pintype="no_connect"/>
    </net>
    <net code="68" name="unconnected-(U2-NC-Pad7)" class="Default">
      <node ref="U2" pin="7" pinfunction="NC" pintype="no_connect"/>
    </net>
  </nets>
</export>
